data,venda_kg,media_diaria_kg,receita_rs,dias
2025-09-01,8921.68,297.3893,396862.6,30
2025-10-01,9737.24,314.1045,436261.04,31
2025-11-01,10025.82,334.194,451990.3,30
2025-12-01,11918.55,384.4694,542349.65,31
2026-01-01,9185.51,296.3068,418888.36,31
2026-02-01,7990.19,285.3639,369425.7,28
2026-03-01,9213.84,297.2206,427694.16,31
2026-04-01,9170.09,305.6697,425482.87,30
2026-05-01,9513.82,306.8974,447678.0,31
2026-06-01,9192.71,306.4237,432712.13,30
2026-07-01,9760.82,314.8652,464569.39,31
2026-08-01,9624.02,310.4523,461702.49,31
