corte,venda_kg,receita_rs,perdas_kg,ruptura_pct,preco_ponderado_rs_kg
Acém,10368.51,392856.1,31.81,11.5068,37.8893
Alcatra,7624.06,391687.41,16.16,23.5616,51.3752
Capa de Filé,3820.0,168448.35,9.54,28.4932,44.0964
Costelão,7649.8,219405.82,23.79,23.0137,28.6812
Coxão Duro,5492.09,231153.02,18.92,9.863,42.0884
Coxão Mole,7872.08,380218.39,25.96,10.6849,48.2996
Cupim,3790.65,194139.83,11.46,22.4658,51.2154
Filé Mignon,2763.92,284564.56,12.67,9.0411,102.9569
Filé Simples,4673.79,216278.39,17.19,6.3014,46.2747
Filé de Agulha,4329.57,177633.13,16.64,10.6849,41.0279
Fraldinha,5484.85,253034.09,14.04,24.6575,46.1333
Lagarto,4717.48,217588.3,16.22,11.7808,46.1238
Maminha,5053.09,284691.29,12.74,27.6712,56.34
Músculo Dianteiro,5076.59,182288.4,19.25,12.0548,35.9076
Músculo Traseiro,4688.7,168630.72,18.37,12.3288,35.9653
Paleta,6291.55,251099.72,23.58,12.6027,39.9106
Patinho,8615.34,442773.28,28.92,8.7671,51.3936
Pescoço,3151.82,103130.17,13.4,12.6027,32.7208
Picanha,4661.16,382502.93,13.27,25.7534,82.0617
Ponta de Peito,3921.64,148192.78,16.17,12.3288,37.7885
Vazio,4207.6,185300.01,11.61,24.1096,44.0394
